,Average,Minimum,Maximum,Standard Deviation
Plus Strand CDS Lengths Group,900.6571571571571,102,8613,565.0157545407079
Minus Strand CDS Lengths Group,908.7090047393365,81,4896,535.2168251455803
