,Average,Minimum,Maximum,Standard Deviation
Plus Strand none CDS Lengths Group,506.65168539325845,72,2804,823.3334014315767
Minus Strand none CDS Lengths Group,238.15151515151516,66,1824,352.68271612779677
